"Player","Pos","Season","Age","Tm","FGPer","FG3Per","FG2Per","effFGPer","FTPer","effMin","effFG","effFGA","eff3PM","eff3PA","eff2PM","eff2PA","effFTM","effFTA","effORB","effDRB","effTRB","effAST","effSTL","effBLK","effTOV","effPF","effPTS","Offense","Defense","plusMinus","Exp","adjPlusMinus","teamPlusMinus"
"A.J. Hammons","C","2017-2018",242,"MIA",394,7,475,397,479,493,413,396,310,344,408,285,306,131,165,116,157,459,486,11,129,48,411,492,431,390,"1",342,250
"Aaron Brooks","G","2017-2018",35,"MIN",417,111,448,385,151,298,298,253,173,184,343,292,423,432,289,486,467,66,325,391,80,208,333,454,253,461,"9",446,334
"Aaron Gordon","PF","2017-2018",387,"ORL",223,341,153,262,301,110,148,157,318,237,138,148,232,236,201,235,226,224,242,256,388,299,183,233,171,329,"3",323,216
"Abdel Nader","SF","2017-2018",284,"BOS",232,295,105,285,275,396,268,286,207,190,273,327,228,235,279,232,255,365,229,163,89,183,264,314,257,323,"R",318,133
"Adreian Payne","F-C","2017-2018",207,"ORL",339,406,201,424,277,477,180,117,317,186,145,132,120,122,134,115,119,264,7,30,231,2,199,134,160,181,"3",255,217
"Al Horford","C","2017-2018",55,"BOS",139,51,139,90,161,61,120,171,58,100,160,192,338,356,218,178,221,63,317,80,303,415,173,56,254,22,"10",8,134
"Al Jefferson","C-F","2017-2018",36,"IND",133,425,278,327,253,343,55,57,408,436,24,15,275,307,105,53,64,248,416,276,433,39,101,143,286,57,"13",122,415
"Al-Farouq Aminu","PF","2017-2018",163,"POR",421,195,338,277,348,127,418,359,71,124,410,422,257,239,203,38,103,340,166,177,276,423,363,237,368,85,"7",60,302
"Alan Williams","F-C","2017-2018",285,"PHO",75,426,157,201,402,406,109,167,409,437,46,37,125,68,7,16,6,439,116,157,287,14,195,116,101,237,"2",234,447
"Alec Burks","SG","2017-2018",208,"UTA",422,282,435,447,270,355,223,119,251,233,227,133,180,158,334,149,236,362,389,386,218,300,222,368,118,474,"6",468,116
"Alec Peters","PF","2017-2018",388,"PHO",154,42,168,58,52,367,81,97,57,93,175,191,48,71,114,83,97,351,366,334,226,395,42,37,133,72,"R",95,448
"Alex Abrines","SG","2017-2018",286,"OKC",444,225,439,302,10,285,339,226,44,30,473,474,379,413,337,467,458,416,338,429,439,82,325,253,176,356,"1",359,367
"Alex Len","C","2017-2018",287,"PHO",70,382,123,159,244,270,253,346,410,415,135,128,84,87,32,26,23,451,269,26,169,49,267,147,239,97,"4",71,449
"Alex Poythress","F","2017-2018",288,"IND",204,308,110,224,162,476,200,206,243,215,201,245,330,340,121,310,224,445,423,319,486,216,239,187,271,107,"1",284,416
"Alexis Ajinca","C","2017-2018",97,"NOP",157,427,263,353,349,374,338,324,411,423,178,112,394,384,132,18,51,492,92,86,309,23,374,423,468,182,"7",214,399
"Alfonzo McKinnie","SF","2017-2018",243,"TOR",230,311,272,307,465,320,246,264,309,303,219,201,345,226,62,159,109,494,361,173,145,24,288,340,87,477,"R",458,166
"Allen Crabbe","SG","2017-2018",244,"BRK",211,28,285,99,78,99,323,333,143,182,395,401,350,380,479,392,445,379,410,327,475,332,318,350,290,350,"4",365,464
"Amir Johnson","C","2017-2018",77,"PHI",59,378,43,67,416,389,286,405,368,347,207,284,390,343,86,135,132,200,169,115,240,41,358,285,423,80,"12",115,149
"Andre Drummond","C","2017-2018",289,"DET",88,351,182,207,483,13,62,98,412,433,31,20,300,88,12,2,2,422,95,122,179,200,151,136,224,99,"5",37,383
"Andre Iguodala","G-F","2017-2018",23,"GSW",66,95,17,22,400,232,359,453,258,291,400,472,427,448,343,212,310,100,66,136,453,444,395,293,394,119,"13",106,32
"Andre Roberson","SF","2017-2018",209,"OKC",292,387,83,284,481,115,472,468,333,306,419,464,469,400,261,272,234,431,124,127,487,223,480,438,426,286,"4",249,368
"Andrew Bogut","C","2017-2018",24,"LAL",273,428,375,434,488,366,492,494,413,438,443,448,488,484,24,17,9,228,466,29,51,13,494,440,491,186,"12",211,481
"Andrew Harrison","PG","2017-2018",336,"MEM",482,339,478,480,187,188,474,398,312,289,456,395,50,65,422,408,427,91,114,264,222,53,396,379,307,372,"1",387,318
"Andrew Wiggins","SF","2017-2018",389,"MIN",283,203,366,370,278,49,22,17,259,280,26,11,32,33,256,448,403,285,280,342,139,401,24,92,19,422,"3",472,335
"Ante Zizic","F-C","2017-2018",460,"CLE",11,429,20,15,409,425,176,397,414,439,79,166,158,116,4,139,48,482,481,93,199,193,236,79,147,117,"R",164,66
"Anthony Brown","F-G","2017-2018",245,"MIN",479,403,307,459,490,351,420,303,326,164,396,406,489,492,213,186,232,364,223,426,421,188,466,444,369,383,"2",371,336
"Anthony Davis","PF","2017-2018",290,"NOP",112,328,184,229,122,15,2,5,371,381,4,2,7,9,144,11,40,266,244,44,117,451,8,8,4,454,"5",482,400
"Anthony Tolliver","F-C","2017-2018",37,"DET",241,85,42,28,232,84,414,422,127,176,478,486,424,415,230,221,282,300,372,279,342,304,373,367,375,261,"9",232,384
"Antonio Blakeney","SG","2017-2018",430,"CHI",270,236,226,247,282,213,173,154,155,133,236,246,134,134,284,354,330,398,378,424,324,466,147,254,163,375,"R",385,268
"Aron Baynes","C","2017-2018",56,"BOS",182,430,289,380,82,369,409,418,415,440,245,190,274,325,55,81,76,472,477,128,414,19,435,417,455,206,"5",224,135
"Arron Afflalo","G","2017-2018",38,"ORL",360,266,377,344,119,86,389,370,214,238,391,380,305,349,486,476,488,353,480,448,454,335,360,470,289,457,"10",478,218
"Austin Rivers","SG","2017-2018",246,"LAC",336,181,332,321,371,122,222,177,84,91,285,264,121,126,433,424,433,151,424,455,205,222,220,181,140,291,"5",252,16
"Avery Bradley","SG","2017-2018",164,"DET",164,38,189,85,279,38,66,71,94,152,120,122,357,339,269,147,200,220,143,422,263,235,91,140,80,332,"7",327,385
"Bam Adebayo","C","2017-2018",461,"MIA",20,431,34,35,396,316,241,408,416,441,105,182,41,23,46,141,88,462,358,48,224,228,212,126,112,243,"R",223,251
"Ben McLemore","G","2017-2018",291,"MEM",279,103,335,216,192,156,201,174,99,126,270,277,234,273,406,394,421,333,344,407,244,192,214,248,117,410,"4",431,319
"Ben Simmons","PG","2017-2018",431,"PHI",44,432,78,86,389,53,103,220,417,434,43,67,16,5,70,22,29,77,24,175,24,267,64,18,203,14,"R",6,150
"Bismack Biyombo","C","2017-2018",247,"ORL",58,433,114,146,474,131,478,483,418,442,362,378,202,81,71,13,24,296,446,42,311,107,472,393,452,180,"6",131,219
"Blake Griffin","PF","2017-2018",134,"LAC",125,146,203,240,274,44,38,67,352,387,32,27,22,31,163,89,121,60,247,322,137,298,34,10,153,15,"7",4,17
"Boban Marjanovic","C","2017-2018",98,"DET",53,434,106,129,148,430,18,54,419,443,5,7,21,25,2,8,3,425,346,97,411,247,28,6,269,1,"2",172,386
"Bobby Brown","G","2017-2018",25,"HOU",438,72,481,293,1,436,114,30,1,6,357,281,462,482,487,492,493,101,487,467,374,487,104,194,255,152,"3",297,1
"Bobby Portis","F","2017-2018",390,"CHI",156,291,145,212,406,314,170,195,285,290,130,155,386,366,117,56,68,444,409,309,371,173,260,243,188,309,"2",293,269
"Bogdan Bogdanovic","G","2017-2018",248,"SAC",347,172,355,462,226,293,242,186,79,81,341,328,214,227,339,381,373,127,132,326,107,287,204,246,81,445,"R",441,285
"Bojan Bogdanovic","SF","2017-2018",135,"IND",305,261,233,183,105,225,137,130,67,56,225,239,135,173,333,255,314,310,454,435,206,327,93,106,114,204,"3",163,417
"Bradley Beal","SG","2017-2018",292,"WAS",191,63,152,83,66,12,12,13,12,17,78,88,78,113,381,482,473,159,222,349,223,435,11,66,7,475,"5",492,233
"Brandan Wright","PF","2017-2018",78,"MEM",45,435,85,113,440,269,125,335,420,444,58,108,328,303,150,352,271,367,343,81,474,201,237,261,437,53,"9",97,320
"Brandon Ingram","SF","2017-2018",462,"LAL",424,350,421,452,414,34,314,258,344,319,268,195,265,221,309,347,333,196,351,224,312,363,324,432,219,462,"1",487,482
"Brandon Knight","G","2017-2018",210,"PHO",407,320,430,450,155,301,85,38,261,232,110,56,102,124,328,418,375,106,402,444,54,252,83,274,42,481,"6",485,450
"Brandon Paul","SG","2017-2018",211,"SAS",143,138,128,130,306,307,188,232,231,263,192,213,109,96,166,195,184,201,198,146,153,269,158,154,287,61,"R",101,49
"Brice Johnson","F","2017-2018",337,"LAC",490,436,493,494,491,496,29,1,421,445,8,1,490,493,50,32,31,155,1,4,19,494,208,218,496,13,"1",324,18
"Brook Lopez","C","2017-2018",99,"LAL",187,239,183,193,130,144,24,20,97,44,52,52,61,83,175,263,242,262,443,28,99,213,25,166,40,440,"9",459,483
"Bruno Caboclo","F","2017-2018",391,"TOR",448,272,458,445,492,484,205,94,191,111,320,172,491,494,8,223,105,173,80,180,327,195,300,278,226,295,"3",328,167
"Bryn Forbes","SG","2017-2018",293,"SAS",462,298,443,427,102,469,334,189,81,62,427,363,483,471,430,460,483,223,488,468,394,303,362,426,256,450,"1",383,50
"Buddy Hield","SG","2017-2018",294,"SAC",327,96,346,197,56,116,166,103,26,43,313,306,409,433,379,324,341,240,355,425,337,343,171,168,170,217,"1",175,286
"C.J. McCollum","G","2017-2018",212,"POR",169,47,196,126,18,26,21,22,66,109,81,62,75,150,303,455,443,150,321,259,150,387,23,184,28,464,"4",489,303
"C.J. Miles","SF","2017-2018",79,"TOR",308,30,391,56,61,143,267,219,9,14,463,457,397,427,385,302,346,467,367,304,484,217,221,107,240,58,"12",39,168
"C.J. Wilcox","G","2017-2018",165,"POR",494,404,492,492,2,466,475,341,345,155,481,411,463,483,223,437,431,152,403,469,184,258,482,496,295,469,"3",364,304
"C.J. Williams","G","2017-2018",166,"LAC",258,437,386,449,466,451,465,460,422,446,307,276,252,123,109,62,70,142,236,470,29,25,461,362,457,146,"R",251,19
"Caleb Swanigan","PF","2017-2018",463,"POR",124,135,122,173,243,181,147,199,304,325,113,131,67,70,107,10,17,191,468,221,12,230,123,53,16,398,"R",402,305
"Cameron Payne","G","2017-2018",338,"CHI",485,231,490,474,398,283,300,111,89,55,376,236,476,480,482,387,447,129,251,320,216,93,316,422,96,488,"2",481,270
"Caris LeVert","SF","2017-2018",339,"BRK",205,186,80,124,324,121,207,228,141,125,271,359,199,238,392,328,292,154,25,409,273,288,186,150,206,130,"1",79,465
"Carmelo Anthony","SF","2017-2018",26,"OKC",333,264,349,355,98,6,46,21,123,99,80,48,71,95,371,170,257,256,407,245,191,266,32,97,88,244,"14",155,369
"Carrick Felix","SG","2017-2018",167,"WAS",117,73,84,71,264,459,107,152,124,194,158,189,198,162,374,252,254,125,489,471,6,99,116,105,60,321,"1",325,234
"Cedi Osman","F","2017-2018",392,"CLE",378,159,297,470,372,448,336,302,128,139,373,375,266,248,212,305,269,341,140,411,390,127,291,242,158,357,"R",353,67
"Chandler Parsons","SF","2017-2018",100,"MEM",475,324,474,467,128,191,429,318,280,221,412,367,366,387,444,348,382,239,262,451,410,340,404,475,334,438,"6",448,321
"Channing Frye","C-F","2017-2018",20,"CLE",293,153,47,50,104,353,288,299,13,28,454,481,383,437,389,229,275,473,314,219,420,126,235,119,274,38,"11",52,68
"Charles Cooke","G","2017-2018",340,"NOP",254,88,286,199,356,286,187,184,129,168,251,249,68,53,247,231,246,231,155,105,185,426,125,197,320,79,"R",96,401
"Cheick Diallo","PF","2017-2018",432,"NOP",186,438,321,382,334,479,126,127,423,447,59,31,175,179,21,20,14,484,438,109,417,232,197,122,266,44,"1",260,402
"Chinanu Onuaku","F-C","2017-2018",433,"HOU",3,439,5,4,3,443,454,493,424,448,300,427,176,287,235,165,201,308,21,201,77,89,444,318,490,46,"1",305,2
"Chris Boucher","F","2017-2018",295,"GSW",76,229,14,36,415,308,133,224,196,201,148,279,151,94,69,96,80,488,336,2,356,110,132,94,130,174,"R",194,33
"Chris McCullough","F","2017-2018",393,"WAS",118,413,37,236,437,490,70,108,346,321,57,77,378,359,20,286,118,478,414,193,379,268,155,114,181,120,"2",303,235
"Chris Paul","PG","2017-2018",39,"HOU",198,21,193,95,189,88,116,106,42,60,292,283,193,246,393,264,325,4,12,458,149,325,71,41,296,6,"12",2,3
"Clint Capela","C","2017-2018",341,"HOU",10,440,18,14,462,282,39,193,425,449,14,45,280,138,26,21,19,399,386,40,229,73,106,47,132,88,"3",69,4
"Cody Zeller","PF","2017-2018",249,"CHO",35,441,71,72,366,157,226,334,426,450,97,106,181,125,91,150,140,257,138,176,395,134,274,239,388,64,"4",36,83
"Cole Aldrich","C","2017-2018",101,"MIN",83,442,99,149,367,400,484,489,427,451,385,405,470,435,57,47,57,434,43,72,458,9,490,428,454,235,"7",271,337
"Corey Brewer","SF","2017-2018",57,"LAL",381,392,328,398,220,345,440,432,349,302,384,408,453,457,362,376,397,214,72,271,320,129,449,485,438,348,"10",348,484
"Cory Joseph","PG","2017-2018",213,"IND",320,334,292,393,224,192,232,213,328,340,174,144,329,360,314,382,381,64,303,369,286,334,310,336,292,320,"6",294,418
"Courtney Lee","SG","2017-2018",40,"NYK",310,165,262,263,121,77,427,441,249,320,401,391,454,462,294,388,376,236,182,244,459,390,443,461,420,334,"9",336,349
"Cristiano Felicio","C","2017-2018",250,"CHI",29,443,56,57,369,295,276,414,428,452,126,183,216,203,27,130,67,405,327,277,422,160,292,185,396,26,"2",63,271
"D.J. Augustin","PG","2017-2018",80,"ORL",395,224,405,332,43,368,319,297,111,120,399,388,123,168,477,466,476,114,422,472,253,406,210,311,227,359,"9",363,220
"D.J. Wilson","F","2017-2018",434,"MIL",65,126,27,32,145,241,281,380,252,287,256,357,365,386,192,268,238,385,445,51,408,409,303,322,360,209,"R",176,200
"D'Angelo Russell","PG","2017-2018",435,"BRK",382,318,347,330,152,74,69,31,56,15,177,175,150,166,376,353,369,41,42,295,25,391,50,124,24,429,"2",461,466
"Dakari Johnson","C","2017-2018",394,"OKC",119,444,239,271,426,349,354,415,429,453,191,184,33,13,42,107,69,384,329,35,130,105,266,224,306,125,"R",179,370
"Damian Jones","F-C","2017-2018",395,"GSW",120,445,240,294,487,485,464,475,430,454,306,317,400,143,39,138,83,495,478,57,112,10,475,466,174,483,"1",369,34
"Damian Lillard","PG","2017-2018",168,"POR",208,149,172,195,21,27,23,6,33,85,83,86,5,14,384,259,293,50,345,315,101,446,5,25,94,87,"5",27,306
"Damien Wilkins","SG","2017-2018",27,"IND",391,365,397,412,263,319,373,332,372,379,294,211,229,229,262,483,461,187,154,231,339,221,386,487,453,331,"1",332,419
"Damyean Dotson","SG","2017-2018",342,"NYK",155,58,58,37,137,334,142,178,31,51,309,369,339,364,183,161,166,420,331,400,441,443,137,130,211,100,"R",102,350
"Daniel Hamilton","G-F","2017-2018",396,"OKC",437,256,445,437,227,289,316,203,217,218,318,241,248,270,268,37,93,83,227,297,87,358,289,283,313,193,"R",203,371
"Daniel Theis","C","2017-2018",251,"BOS",82,205,60,208,265,410,178,291,320,335,133,188,177,180,113,151,124,397,246,76,225,22,216,131,135,223,"R",247,136
"Danilo Gallinari","SF","2017-2018",102,"LAC",274,61,299,223,17,56,256,211,106,129,327,319,24,49,388,216,291,298,427,396,397,471,115,99,214,68,"8",22,20
"Danny Green","SG","2017-2018",81,"SAS",377,83,411,92,65,69,441,429,70,79,489,490,477,487,344,296,351,271,233,112,391,376,442,384,413,240,"8",168,51
"Dante Cunningham","SF","2017-2018",82,"NOP",162,91,89,78,436,240,402,448,199,247,393,451,485,486,250,189,233,455,395,266,490,421,439,361,379,251,"8",209,403
"Dante Exum","G","2017-2018",397,"UTA",290,285,217,325,106,142,352,329,223,203,322,350,283,301,270,416,410,128,470,291,147,146,326,329,178,439,"2",454,117
"Dario Saric","PF","2017-2018",343,"PHI",294,232,274,291,116,164,93,63,95,107,168,160,164,204,185,103,145,198,320,247,46,295,103,74,13,453,"1",465,151
"Darius Miller","SF","2017-2018",296,"NOP",496,446,496,496,493,422,496,485,431,403,493,420,492,495,488,495,495,376,375,473,451,8,496,462,435,304,"1",307,404
"Darrell Arthur","F","2017-2018",103,"DEN",321,25,425,119,55,397,310,307,61,106,411,410,407,450,200,220,222,253,177,187,192,63,277,219,370,67,"8",121,183
"Darren Collison","PG","2017-2018",83,"IND",218,114,311,292,25,117,168,173,239,274,171,139,152,215,472,479,489,76,240,450,250,386,180,316,207,392,"8",423,420
"Darrun Hilliard","G","2017-2018",297,"SAS",451,375,410,461,266,450,355,255,294,213,317,256,323,313,461,438,474,194,248,335,102,141,350,472,116,491,"2",437,52
"David Nwaba","SG","2017-2018",298,"CHI",27,405,36,47,412,465,366,461,398,408,222,311,240,187,227,304,278,429,176,192,447,198,400,377,469,129,"1",248,272
"David West","C","2017-2018",5,"GSW",111,127,228,228,286,379,285,355,432,419,157,145,332,331,136,88,102,71,121,24,45,47,364,420,488,163,"14",220,35
"Davis Bertans","PF","2017-2018",252,"SAS",375,110,174,121,84,363,342,314,22,13,484,488,406,405,288,391,339,324,312,106,358,166,282,200,196,226,"1",241,53
"Davon Reed","G","2017-2018",398,"PHO",240,64,241,94,174,344,357,371,144,187,406,423,182,208,318,303,306,290,209,269,304,382,284,294,294,241,"R",219,451
"De'Aaron Fox","PG","2017-2018",464,"SAC",180,374,181,308,305,93,73,81,356,348,44,44,27,26,354,307,328,55,50,387,55,240,52,34,21,319,"R",291,287
"DeAndre Jordan","C","2017-2018",104,"LAC",2,447,4,3,477,60,197,447,433,455,84,238,131,24,22,3,1,457,272,61,319,284,227,222,442,23,"9",9,21
"DeAndre Liggins","G","2017-2018",105,"MIL",464,314,473,454,363,395,488,474,332,372,470,442,410,397,272,314,279,210,10,237,171,103,489,490,489,275,"4",277,201
"DeAndre' Bembry","SF","2017-2018",344,"ATL",165,424,59,348,484,433,356,379,434,373,200,257,464,434,224,278,262,238,404,336,375,414,438,441,353,401,"1",362,431
"Dejounte Murray","PG","2017-2018",436,"SAS",319,97,403,388,358,463,225,169,329,339,159,116,218,219,319,338,334,58,353,170,5,177,256,276,57,472,"1",407,54
"Delon Wright","PG","2017-2018",253,"TOR",341,273,380,391,240,421,404,385,327,346,344,302,107,133,244,465,405,94,13,167,239,368,343,363,464,132,"2",242,169
"DeMar DeRozan","SG","2017-2018",136,"TOR",193,366,296,340,77,23,15,11,379,367,9,3,6,11,336,316,313,137,289,439,177,462,12,50,18,386,"8",428,170
"DeMarcus Cousins","C","2017-2018",169,"NOP",302,240,336,354,272,50,13,3,148,135,30,9,10,8,148,19,38,85,111,138,22,92,7,3,29,112,"7",42,405
"DeMarre Carroll","SF","2017-2018",58,"BRK",425,265,343,366,393,262,337,289,82,63,438,425,369,329,280,312,290,404,189,251,443,365,314,320,280,284,"8",253,467
"Demetrius Jackson","PG","2017-2018",345,"HOU",1,5,11,1,467,446,132,430,107,357,215,346,14,1,25,294,126,32,490,474,493,495,46,27,249,11,"1",314,5
"Dennis Schroder","PG","2017-2018",299,"ATL",284,200,288,362,92,14,51,23,215,212,60,30,104,231,382,447,440,33,381,388,16,400,56,86,1,493,"4",494,432
"Dennis Smith Jr.","PG","2017-2018",465,"DAL",227,213,195,220,332,178,150,140,167,172,186,196,47,37,323,325,326,31,31,316,21,420,90,90,46,366,"R",382,99
"Denzel Valentine","SG","2017-2018",300,"CHI",481,207,485,432,207,310,396,305,54,41,487,463,478,477,426,258,304,286,294,414,277,257,379,407,242,441,"1",438,273
"Derrick Favors","PF","2017-2018",214,"UTA",140,360,258,360,442,151,156,216,403,418,68,61,296,247,99,112,101,354,139,108,299,185,271,244,268,183,"7",148,118
"Derrick Jones","SF","2017-2018",466,"PHO",42,364,44,64,352,460,349,446,394,406,216,289,310,289,116,456,297,469,354,171,478,81,387,365,371,267,"1",285,452
"Derrick Rose","PG","2017-2018",106,"CLE",220,400,327,369,27,101,54,44,390,388,34,17,66,147,260,454,415,113,405,368,100,484,58,127,106,253,"8",182,69
"Derrick Walton","G","2017-2018",399,"MIA",428,90,468,320,85,311,416,356,104,130,469,443,98,141,429,245,295,103,118,464,243,452,287,249,293,164,"R",151,252
"Derrick White","PG","2017-2018",346,"SAS",115,66,50,53,140,280,117,175,157,199,147,207,44,48,274,389,350,80,165,68,94,399,61,193,232,168,"R",167,55
"Devin Booker","SG","2017-2018",437,"PHO",262,238,322,317,63,5,25,8,137,137,50,26,23,40,419,453,463,92,291,367,85,224,18,58,3,492,"2",496,453
"Devin Harris","PG","2017-2018",21,"DAL",402,267,384,342,97,335,360,309,112,117,423,400,133,175,454,362,425,87,77,402,300,145,242,207,311,96,"13",110,100
"Devin Robinson","F","2017-2018",400,"WAS",257,286,171,256,338,360,290,300,220,209,293,326,225,207,143,176,163,464,285,160,372,179,273,234,244,214,"R",230,236
"Dewayne Dedmon","C","2017-2018",137,"ATL",30,448,57,61,361,186,362,464,435,456,205,282,368,390,73,14,28,417,313,52,213,43,426,330,483,71,"4",103,433
"Deyonta Davis","F-C","2017-2018",438,"MEM",104,449,215,254,452,468,422,469,436,457,252,296,347,294,65,132,98,490,459,13,445,15,467,376,476,122,"1",272,322
"Dillon Brooks","SF","2017-2018",439,"MEM",183,176,187,209,179,228,100,114,204,229,117,125,105,128,164,355,277,177,237,216,88,144,98,85,17,423,"R",435,323
"Dion Waiters","SG","2017-2018",215,"MIA",379,77,400,377,419,109,79,45,48,69,169,117,284,228,442,350,401,52,278,289,96,356,85,171,113,310,"5",276,253
"Dirk Nowitzki","C","2017-2018",4,"DAL",280,395,330,289,123,313,129,142,162,262,187,163,294,334,476,41,127,265,393,142,456,225,154,229,336,104,"19",107,101
"Domantas Sabonis","PF","2017-2018",440,"IND",357,299,351,379,354,155,327,294,299,253,319,340,438,409,267,174,250,252,249,189,264,62,342,355,359,274,"1",237,421
"Donovan Mitchell","SG","2017-2018",441,"UTA",359,257,242,318,163,258,214,147,110,83,287,295,169,205,216,290,263,183,27,311,282,153,181,120,67,326,"R",317,119
"Dorian Finney-Smith","PF","2017-2018",301,"DAL",477,376,415,466,230,204,485,466,282,225,483,477,405,445,307,386,335,441,260,283,467,293,478,479,390,399,"1",421,102
"Doug McDermott","SF","2017-2018",254,"NYK",252,154,221,186,117,70,270,282,145,181,289,308,290,323,458,379,430,375,482,423,449,478,261,313,267,300,"3",264,351
"Dragan Bender","PF","2017-2018",467,"PHO",472,362,295,440,485,454,448,350,149,84,461,468,486,479,237,204,228,413,460,87,261,58,453,383,230,436,"1",404,454
"Draymond Green","PF","2017-2018",170,"GSW",404,303,371,381,337,55,423,372,272,227,402,382,322,311,263,65,144,10,30,101,68,158,368,264,424,66,"5",30,36
"Dwayne Bacon","SG","2017-2018",401,"CHO",264,331,209,311,284,274,56,43,202,151,76,71,80,78,222,249,240,314,181,465,95,398,49,75,6,487,"R",483,84
"Dwight Buycks","PG","2017-2018",138,"DET",486,340,489,484,29,428,424,254,240,230,409,269,276,368,281,233,284,255,22,475,133,296,407,482,449,311,"1",320,387
"Dwight Howard","C","2017-2018",41,"CHO",12,450,16,16,461,129,144,351,437,458,64,130,93,29,18,9,5,358,322,94,78,131,157,87,380,7,"13",7,85
"Dwight Powell","C","2017-2018",216,"DAL",175,355,126,288,190,338,296,284,354,358,249,240,173,216,187,175,173,403,161,140,479,138,251,307,376,161,"3",161,103
"Dwyane Wade","SG","2017-2018",15,"CLE",300,317,374,414,197,248,32,19,314,309,27,10,77,91,246,311,281,121,35,132,82,389,44,220,20,480,"14",490,70
"E'Twaun Moore","SG","2017-2018",139,"NOP",306,162,340,274,299,215,322,310,230,246,345,304,447,452,363,478,472,167,250,268,431,291,361,433,322,411,"6",433,406
"Ed Davis","PF","2017-2018",140,"POR",67,451,124,170,445,206,470,478,438,459,334,338,277,181,6,58,20,390,432,107,294,12,454,392,475,147,"7",152,307
"Edmond Sumner","G","2017-2018",402,"IND",286,363,266,376,297,165,294,295,334,317,234,221,31,28,383,309,327,67,89,248,53,277,190,235,76,443,"R",457,422
"Ekpe Udoh","PF","2017-2018",171,"UTA",209,452,365,400,198,483,476,479,439,460,364,330,335,253,176,171,171,414,100,43,272,34,470,488,495,268,"1",304,120
"Elfrid Payton","PG","2017-2018",347,"ORL",116,325,148,145,322,87,74,116,341,333,71,70,212,190,259,284,276,20,113,258,127,323,122,76,152,108,"3",53,221
"Emmanuel Mudiay","PG","2017-2018",442,"DEN",430,345,437,448,111,128,202,109,205,160,221,134,124,153,391,341,357,61,359,383,61,404,168,270,68,468,"2",484,184
"Enes Kanter","C","2017-2018",255,"NYK",46,417,63,106,225,209,3,32,401,401,3,4,34,36,17,104,52,402,437,169,83,175,20,4,44,83,"6",73,352
"Eric Bledsoe","PG","2017-2018",141,"PHO",263,233,257,315,45,45,47,27,126,118,72,43,8,12,330,262,299,22,187,296,8,346,17,23,36,221,"7",132,455
"Eric Gordon","SG","2017-2018",107,"HOU",388,193,339,194,129,83,143,68,6,4,390,402,222,265,434,433,455,221,450,222,284,352,82,91,182,101,"9",38,6
"Eric Griffin","F","2017-2018",172,"UTA",144,139,129,131,307,342,189,233,232,264,193,214,110,97,167,196,185,202,199,147,154,270,159,156,302,48,"R",90,121
"Eric Moreland","PF","2017-2018",217,"DET",317,453,276,396,494,431,1,69,440,461,1,13,493,496,489,1,4,496,491,476,494,1,1,48,8,470,"1",398,388
"Ersan Ilyasova","PF","2017-2018",84,"ATL",371,170,313,255,205,90,128,90,55,52,267,267,255,264,96,123,122,246,347,317,297,83,118,67,202,47,"9",46,434
"Evan Fournier","SF","2017-2018",256,"ORL",325,277,283,306,150,76,127,78,125,78,156,146,143,176,316,443,423,216,290,453,236,310,107,199,55,447,"5",475,222
"Evan Turner","SF","2017-2018",108,"POR",361,307,402,439,70,124,236,164,351,336,137,95,243,295,325,275,302,98,297,213,167,380,278,370,252,412,"7",439,308
"Frank Jackson","G","2017-2018",486,"NOP",185,102,98,81,267,350,244,287,119,148,314,355,153,159,317,458,436,251,339,442,227,170,194,232,128,395,"R",391,407
"Frank Kaminsky","C","2017-2018",302,"CHO",385,309,357,411,251,168,165,72,160,88,223,161,205,193,276,214,229,211,304,203,348,313,143,195,146,297,"2",267,86
"Frank Mason III","G","2017-2018",348,"SAC",210,23,331,211,193,189,255,279,195,272,286,265,63,72,375,356,366,82,135,460,174,434,178,227,129,391,"R",400,288
"Frank Ntilikina","PG","2017-2018",487,"NYK",281,74,396,436,390,456,460,457,289,322,429,414,428,404,197,491,429,213,231,372,313,52,460,446,392,349,"R",341,353
"Fred VanVleet","PG","2017-2018",349,"TOR",476,130,487,477,133,445,287,135,245,273,272,123,246,292,431,261,311,118,51,293,280,61,294,345,351,266,"1",302,171
"Furkan Korkmaz","G","2017-2018",468,"PHI",408,32,479,478,333,481,436,393,90,150,480,458,319,308,350,398,385,230,109,332,368,51,391,323,340,238,"R",279,152
"Garrett Temple","SG","2017-2018",59,"SAC",401,163,385,345,374,81,443,426,166,189,468,447,466,467,396,419,411,165,119,218,377,297,447,464,401,369,"7",389,289
"Gary Harris","SG","2017-2018",350,"DEN",214,81,236,188,206,54,78,107,68,108,185,199,249,260,308,459,424,134,145,445,257,464,70,186,93,377,"3",412,185
"Gary Payton 2","G","2017-2018",257,"MIL",463,419,121,482,438,491,480,444,378,295,386,431,440,399,490,281,362,81,254,69,13,196,485,486,477,277,"1",321,202
"George Hill","PG","2017-2018",60,"SAC",243,182,178,162,134,71,149,185,103,146,243,271,122,115,398,301,329,73,256,356,329,215,94,68,231,33,"9",25,290
"Georgios Papagiannis","C","2017-2018",469,"SAC",47,454,79,118,64,461,216,342,441,426,92,120,433,449,123,118,115,313,485,49,123,65,328,289,154,414,"1",374,291
"Gian Clavell","G","2017-2018",303,"DAL",380,218,316,323,365,352,203,122,63,54,311,298,127,93,292,226,260,357,57,209,279,342,133,123,73,315,"R",300,104
"Giannis Antetokounmpo","PF","2017-2018",351,"MIL",79,368,76,160,136,8,20,42,357,351,11,25,11,15,162,57,86,36,96,18,52,256,16,7,14,196,"4",104,203
"Glenn Robinson 2","G-F","2017-2018",352,"IND",246,117,220,192,320,205,364,402,270,286,337,365,420,429,221,240,218,423,296,210,482,483,393,354,365,265,"3",238,423
"Goran Dragic","PG","2017-2018",61,"MIA",233,169,333,265,170,136,106,51,140,171,123,100,49,60,359,435,434,34,136,399,18,178,57,146,65,381,"9",409,254
"Gordon Hayward","SF","2017-2018",173,"BOS",174,131,222,198,88,46,59,56,88,89,94,92,42,47,326,257,289,119,277,375,230,482,33,61,123,126,"7",49,137
"Gorgui Dieng","C","2017-2018",174,"MIN",89,389,155,181,146,161,382,442,392,420,232,272,353,377,118,145,143,301,175,75,400,174,424,358,484,102,"4",43,338
"Greg Monroe","C","2017-2018",175,"MIL",55,455,101,127,353,222,53,105,442,462,23,23,117,90,54,71,60,156,73,145,163,180,66,17,95,59,"7",56,204
"Guerschon Yabusele","F","2017-2018",403,"BOS",73,75,70,190,180,329,254,352,324,350,208,263,166,191,72,187,133,415,156,232,241,218,257,182,165,256,"R",245,138
"Harrison Barnes","PF","2017-2018",258,"DAL",231,288,251,305,34,9,41,40,274,297,42,28,118,148,300,373,338,412,360,452,398,488,53,236,89,426,"5",473,105
"Harry Giles","F-C","2017-2018",488,"SAC",36,456,73,55,453,423,249,384,443,463,107,156,363,283,5,68,34,465,309,23,187,7,344,138,155,197,"R",254,292
"Hassan Whiteside","C","2017-2018",142,"MIA",38,457,77,80,410,85,48,148,444,464,16,34,157,105,35,6,7,461,370,17,121,229,79,32,137,62,"5",23,255
"Henry Ellenson","PF","2017-2018",470,"DET",471,352,388,446,468,452,213,59,74,19,321,300,451,389,184,46,65,328,471,288,33,490,230,292,32,486,"1",388,389
"Ian Clark","SG","2017-2018",218,"NOP",141,105,146,114,285,284,118,137,152,163,217,212,360,352,360,430,422,180,163,365,318,437,148,280,172,405,"4",411,408
"Ian Mahinmi","C","2017-2018",62,"WAS",24,458,41,38,475,251,358,467,445,465,202,293,161,58,83,80,73,458,5,71,238,20,352,334,494,73,"9",85,237
"Ike Anigbogu","F-C","2017-2018",489,"IND",34,459,65,82,459,420,220,373,446,466,95,137,261,152,36,69,46,489,456,7,183,6,305,189,141,298,"R",306,424
"Iman Shumpert","SG","2017-2018",176,"CLE",392,259,404,310,246,276,467,434,190,128,465,459,446,455,358,368,372,330,159,260,427,347,452,439,373,373,"6",395,71
"Isaiah Hicks","F","2017-2018",353,"NYK",28,460,52,54,319,441,108,271,447,467,45,76,60,56,60,218,134,387,419,129,142,29,129,20,59,151,"R",204,354
"Isaiah Taylor","G","2017-2018",354,"ATL",495,461,494,495,469,488,495,492,448,384,492,475,459,446,322,494,492,283,362,174,495,90,495,453,395,363,"1",334,435
"Isaiah Thomas","G","2017-2018",143,"CLE",176,112,119,104,6,67,9,15,10,8,86,97,4,19,404,489,479,62,394,433,90,416,3,64,58,258,"6",186,72
"Isaiah Whitehead","G","2017-2018",404,"BRK",358,342,417,425,283,73,312,256,300,285,266,226,298,285,400,375,387,84,379,165,65,171,336,406,131,479,"1",491,468
"Ish Smith","PG","2017-2018",109,"DET",291,380,315,394,344,242,172,144,373,370,99,64,395,394,420,321,353,8,174,234,143,392,268,321,319,248,"7",212,390
"Ivan Rabb","F","2017-2018",471,"MEM",62,33,100,103,391,130,211,327,399,411,101,127,69,44,59,51,44,408,418,96,194,148,211,101,161,136,"R",105,324
"Ivica Zubac","C","2017-2018",472,"LAL",41,462,75,87,404,246,40,79,449,424,10,19,304,245,131,66,91,327,287,32,325,118,84,78,71,254,"1",225,485
"J.J. Barea","PG","2017-2018",28,"DAL",362,164,363,349,35,275,155,83,73,75,296,209,299,344,441,358,368,7,455,477,64,489,169,267,245,270,"11",243,106
"J.J. Redick","SG","2017-2018",29,"PHI",259,43,317,109,24,102,131,126,21,42,303,305,207,271,483,464,475,342,335,384,321,445,81,201,288,105,"11",54,153
"J.R. Smith","SG","2017-2018",42,"CLE",457,175,484,226,383,152,442,340,60,47,491,493,487,489,427,428,454,336,212,361,488,383,429,421,345,389,"13",418,73
"Jabari Bird","G","2017-2018",355,"BOS",271,156,206,142,290,362,243,223,83,87,342,360,370,371,265,366,331,394,420,331,331,370,247,286,233,302,"R",289,139
"Jabari Parker","F","2017-2018",405,"MIL",142,125,138,169,273,30,34,34,242,34,51,38,96,104,174,208,205,186,257,282,212,405,45,65,12,456,"3",480,205
"Jack Cooley","PF","2017-2018",219,"SAC",383,463,449,471,480,470,399,389,450,468,238,159,73,7,33,133,56,481,2,90,402,3,381,386,482,133,"1",265,293
"Jacob Pullen","G","2017-2018",144,"PHI",145,140,130,132,308,388,190,234,233,265,194,215,111,98,168,197,186,203,200,148,155,271,160,160,318,41,"R",87,154
"Jacob Wiley","F","2017-2018",356,"BRK",9,8,22,12,91,365,37,192,406,428,13,55,39,52,84,92,89,245,357,9,7,219,43,43,25,307,"R",286,469
"Jae Crowder","SF","2017-2018",177,"CLE",312,49,348,100,54,153,308,266,11,12,436,434,90,154,399,209,258,226,263,324,376,350,167,45,168,56,"5",31,74
"Jahlil Okafor","C-F","2017-2018",406,"PHI",86,464,179,203,360,253,52,60,451,469,21,12,70,66,129,192,170,323,415,63,56,136,73,125,26,425,"2",449,155
"JaKarr Sampson","SF","2017-2018",407,"SAC",299,379,318,346,387,471,370,375,358,324,253,278,224,224,297,335,336,410,387,120,170,108,369,431,177,476,"1",408,294
"Jake Layman","SF","2017-2018",357,"POR",489,381,486,485,236,440,447,194,118,36,447,389,289,320,285,470,446,389,97,270,361,239,390,397,79,489,"1",414,309
"Jakob Poeltl","C","2017-2018",408,"TOR",23,465,39,34,425,303,411,472,452,470,246,313,295,225,30,181,85,476,298,119,271,16,428,332,260,367,"1",367,172
"Jamal Crawford","SG","2017-2018",6,"MIN",399,242,344,392,93,264,196,113,138,123,241,193,196,211,459,490,491,161,302,360,144,456,176,405,350,351,"17",366,339
"Jamal Murray","PG","2017-2018",473,"DEN",366,260,320,278,23,234,154,95,72,46,261,252,242,310,356,390,371,138,259,252,136,360,136,238,23,478,"1",488,186
"Jamel Artis","F","2017-2018",304,"ORL",190,121,165,141,229,370,175,200,159,179,231,255,95,110,199,295,261,175,433,343,110,433,135,174,262,106,"R",120,223
"James Ennis","SF","2017-2018",178,"MEM",340,136,358,200,158,149,456,445,264,294,446,452,219,254,209,222,230,406,266,267,407,80,403,360,381,246,"3",218,325
"James Harden","SG","2017-2018",145,"HOU",245,237,109,172,62,4,45,36,20,9,151,173,2,4,277,82,153,2,179,286,4,353,9,12,48,95,"8",29,7
"James Johnson","PF","2017-2018",85,"MIA",153,228,96,70,328,173,101,118,139,143,190,149,213,275,266,207,239,110,194,139,91,169,78,161,83,353,"8",372,256
"James Michael McAdoo","F","2017-2018",305,"PHI",74,383,94,163,470,474,299,383,453,402,141,194,348,232,92,269,198,432,186,15,328,140,376,387,315,370,"3",351,156
"Jamil Wilson","F","2017-2018",179,"LAC",146,141,131,133,309,318,191,235,234,266,195,216,112,99,169,198,187,204,201,149,156,272,161,157,303,49,"R",91,22
"JaMychal Green","PF","2017-2018",180,"MEM",135,100,125,97,238,112,393,439,321,341,336,379,145,170,78,77,79,391,396,223,334,54,354,269,332,165,"3",126,326
"Jared Dudley","F-G","2017-2018",43,"PHO",213,55,28,30,304,327,398,417,80,70,471,487,444,439,390,163,243,148,197,298,217,111,380,308,349,198,"10",183,456
"Jarell Martin","PF","2017-2018",358,"MEM",436,198,467,468,164,416,428,367,367,376,323,235,185,237,101,49,59,491,255,261,262,17,418,395,418,242,"2",270,327
"Jarrett Allen","F-C","2017-2018",490,"BRK",40,466,61,79,454,348,161,316,454,427,73,102,171,89,61,129,90,468,426,59,74,385,228,265,66,467,"R",474,470
"Jarrett Jack","G","2017-2018",22,"NYK",4,467,1,6,4,390,491,496,455,392,417,494,351,388,491,496,496,74,4,478,26,40,491,495,493,303,"12",287,355
"Jason Smith","C","2017-2018",63,"WAS",107,106,151,73,347,339,238,348,260,327,152,234,403,407,142,95,108,418,425,55,247,18,330,216,212,222,"9",229,238
"Jason Terry","G","2017-2018",1,"MIL",343,15,429,44,210,211,490,484,62,183,496,495,481,485,474,488,490,182,234,254,477,373,487,474,447,308,"18",283,206
"JaVale McGee","C","2017-2018",110,"GSW",17,468,29,27,476,401,4,92,456,414,2,22,256,121,10,102,54,479,398,8,242,28,39,9,62,52,"9",166,37
"Jawun Evans","G","2017-2018",491,"LAC",260,46,362,313,135,224,98,76,265,315,93,65,37,46,332,313,324,21,54,415,32,250,62,40,31,281,"R",250,23
"Jaylen Brown","SF","2017-2018",443,"BOS",268,147,248,217,203,176,227,218,193,210,276,261,203,218,287,242,274,280,310,303,228,162,225,275,86,460,"1",476,140
"Jayson Tatum","PF","2017-2018",492,"BOS",248,226,243,269,69,163,153,138,211,220,161,162,53,80,232,101,154,274,134,116,73,202,112,102,156,149,"R",94,141
"Jeff Green","PF","2017-2018",64,"CLE",406,349,360,420,53,340,265,214,257,216,277,247,148,230,348,363,356,350,380,355,343,328,226,388,218,442,"9",452,75
"Jeff Teague","PG","2017-2018",111,"MIN",192,27,277,144,13,118,257,222,115,198,240,203,25,57,436,397,398,13,148,305,39,429,144,176,108,340,"8",349,340
"Jeff Withey","C","2017-2018",181,"DAL",61,469,104,153,314,455,295,411,457,471,136,176,174,209,38,167,99,487,193,19,404,86,283,272,422,75,"4",197,107
"Jerami Grant","SF","2017-2018",359,"OKC",326,68,342,250,431,255,415,420,256,256,398,416,245,172,369,367,361,421,388,67,432,191,372,414,416,263,"3",239,372
"Jeremy Evans","SF","2017-2018",146,"ATL",51,384,7,42,239,394,368,451,380,356,310,396,316,293,239,113,169,493,311,134,457,345,397,402,432,225,"1",266,436
"Jeremy Lamb","SG","2017-2018",259,"CHO",253,336,185,246,94,290,158,99,176,102,188,168,168,189,304,85,159,306,328,185,464,157,174,169,197,176,"5",177,87
"Jeremy Lin","PG","2017-2018",112,"BRK",237,79,210,111,115,123,49,55,38,114,128,110,30,43,464,244,287,29,63,263,37,210,27,28,45,219,"7",162,471
"Jerian Grant","PG","2017-2018",260,"CHI",345,157,407,283,71,305,324,273,131,169,331,371,342,346,366,383,379,117,128,446,428,231,306,202,297,94,"2",128,274
"Jerryd Bayless","SG","2017-2018",113,"PHI",484,60,491,486,15,385,209,29,284,326,179,18,26,64,254,299,285,27,492,479,10,463,97,212,216,202,"9",206,157
"Jimmy Butler","SG","2017-2018",147,"MIN",194,211,253,253,73,42,84,91,254,254,146,111,18,32,271,237,249,46,47,337,232,485,37,104,144,162,"6",59,341
"Joakim Noah","C","2017-2018",44,"NYK",108,470,208,259,478,146,471,470,458,472,335,324,367,201,3,54,12,140,264,85,128,27,481,394,480,140,"10",98,356
"Jodie Meeks","SG","2017-2018",86,"WAS",311,69,399,165,38,199,306,204,14,33,397,403,186,210,484,346,439,241,93,418,359,468,152,95,175,110,"8",77,239
"Joe Harris","G","2017-2018",220,"BRK",389,137,224,290,377,383,378,292,93,38,457,460,449,456,470,331,389,363,356,351,233,113,351,380,97,482,"3",479,472
"Joe Ingles","SF","2017-2018",87,"UTA",251,41,378,59,231,183,388,409,78,116,476,479,435,443,413,289,318,104,52,427,235,263,365,317,410,134,"3",114,122
"Joe Johnson","SF","2017-2018",11,"UTA",386,67,453,303,46,252,305,259,116,161,354,315,381,416,403,334,345,209,397,359,355,430,301,399,291,406,"16",420,123
"Joe Young","G","2017-2018",261,"IND",467,398,423,479,295,480,82,12,168,86,111,36,200,129,492,280,359,102,332,480,296,465,99,288,195,382,"2",339,425
"Joel Embiid","C","2017-2018",360,"PHI",235,174,284,312,261,138,8,9,180,206,25,14,1,2,124,42,66,192,130,1,1,45,4,22,150,35,"1",24,158
"Joffrey Lauvergne","C","2017-2018",221,"SAS",403,248,392,407,435,377,320,280,198,239,326,210,375,348,135,72,74,225,305,363,116,168,290,353,234,413,"3",406,56
"John Collins","PF","2017-2018",474,"ATL",21,471,38,48,298,317,27,112,459,473,7,24,15,10,11,64,30,485,383,31,125,46,30,5,22,123,"R",191,437
"John Henson","C","2017-2018",182,"MIL",90,472,186,218,375,266,332,376,460,474,172,138,239,268,67,119,84,331,282,25,288,44,346,346,461,111,"5",123,207
"John Holland","G-F","2017-2018",114,"CLE",147,142,132,134,310,413,192,236,235,267,196,217,113,100,170,199,188,205,202,150,157,273,162,162,341,36,"R",82,76
"John Wall","PG","2017-2018",183,"WAS",256,302,279,358,208,11,17,10,250,214,29,16,20,27,377,360,365,3,19,220,9,460,26,38,35,269,"7",195,240
"Johnathan Motley","F","2017-2018",409,"DAL",94,354,127,214,394,408,90,150,395,405,41,47,85,61,31,179,92,322,431,50,49,69,121,46,37,279,"R",274,108
"Johnny O'Bryant","F-C","2017-2018",306,"CHO",109,14,167,76,30,434,115,124,216,342,119,83,141,326,34,293,135,212,493,352,92,75,120,19,187,20,"3",165,88
"Jon Leuer","PF","2017-2018",148,"DET",93,199,113,117,14,139,250,360,335,328,181,204,358,396,153,164,167,335,430,406,405,359,285,309,301,252,"6",196,391
"Jonas Jerebko","F","2017-2018",88,"UTA",352,279,255,273,341,381,477,465,292,282,452,470,467,463,138,114,142,317,421,308,438,156,483,410,374,314,"7",308,124
"Jonas Valanciunas","C","2017-2018",262,"TOR",71,9,149,179,196,162,112,191,461,475,49,49,189,250,45,35,32,440,334,117,270,104,205,81,162,103,"5",68,173
"Jonathan Isaac","PF","2017-2018",475,"ORL",101,206,40,74,195,302,212,306,244,249,214,294,74,86,122,33,55,369,75,27,210,243,166,129,421,8,"R",15,224
"Jonathon Simmons","SG","2017-2018",149,"ORL",442,148,454,408,169,265,260,275,135,127,381,339,288,306,437,405,394,164,215,299,234,154,262,356,183,458,"2",471,225
"Jordan Bell","C","2017-2018",410,"GSW",33,388,33,60,424,326,311,435,400,404,166,268,352,309,81,75,75,305,106,10,166,149,377,306,471,55,"R",124,38
"Jordan Clarkson","SG","2017-2018",263,"LAL",255,319,191,279,156,119,89,65,179,142,108,107,308,330,338,439,437,141,126,459,118,408,117,250,5,494,"3",495,486
"Jordan Crawford","SG","2017-2018",115,"NOP",309,190,69,237,154,279,33,26,34,22,125,140,263,327,418,475,468,122,308,432,268,372,35,109,151,156,"5",147,409
"Jordan Mickey","F","2017-2018",361,"MIA",288,473,372,441,449,494,417,406,462,476,247,205,307,164,68,205,106,321,429,98,103,209,445,448,237,463,"2",370,257
"Jose Calderon","G","2017-2018",12,"CLE",354,323,202,276,8,435,455,428,247,224,425,454,452,478,233,315,301,56,406,481,111,381,456,455,328,420,"12",419,77
"Josh Hart","G","2017-2018",411,"LAL",100,65,49,39,300,300,135,208,133,177,206,275,137,137,157,213,194,244,98,323,251,319,124,98,107,207,"R",199,487
"Josh Huestis","PF","2017-2018",222,"OKC",54,10,66,19,495,489,87,187,76,196,163,233,494,460,14,146,63,160,494,5,496,496,177,180,397,25,"2",310,373
"Josh Jackson","SF","2017-2018",476,"PHO",102,108,103,115,448,182,63,110,276,312,70,84,132,62,104,136,117,158,29,99,34,165,76,35,74,150,"R",100,457
"Josh McRoberts","F","2017-2018",89,"DAL",478,71,488,469,379,371,380,312,182,261,437,345,479,481,207,274,235,132,283,397,323,285,410,457,355,409,"10",415,109
"Josh Richardson","SF","2017-2018",307,"MIA",455,296,455,409,181,106,401,281,186,141,422,364,412,395,357,421,428,149,104,172,246,351,413,430,352,396,"2",430,258
"Jrue Holiday","PG","2017-2018",184,"NOP",277,189,271,248,288,68,77,66,158,154,124,118,260,267,408,370,384,16,129,215,27,427,111,170,54,421,"8",460,410
"Juan Hernangomez","PF","2017-2018",412,"DEN",324,202,302,235,219,424,412,400,175,185,418,438,272,302,137,137,141,430,183,350,424,329,356,262,324,167,"1",216,187
"Julius Randle","PF","2017-2018",362,"LAL",159,386,229,314,329,104,140,143,389,396,69,57,101,69,103,44,58,97,341,290,59,95,149,71,70,247,"3",184,488
"Julyan Stone","SG","2017-2018",116,"CHO",350,410,95,419,316,462,483,480,376,352,433,461,331,351,312,318,319,18,56,91,181,155,486,424,408,288,"1",311,89
"Justin Anderson","G","2017-2018",308,"PHI",329,166,379,275,183,376,159,47,64,29,254,170,233,280,159,238,223,311,221,204,189,254,69,153,41,430,"2",434,159
"Justin Holiday","SG","2017-2018",150,"CHI",415,313,287,322,131,296,353,313,130,90,394,421,349,398,340,297,321,303,152,202,429,320,337,263,321,172,"4",171,275
"Justin Jackson","SF","2017-2018",413,"SAC",239,209,198,219,346,250,167,162,169,173,213,223,226,212,158,349,270,222,333,235,285,432,179,226,204,255,"R",236,295
"Justin Patton","C","2017-2018",477,"MIN",5,11,8,5,464,245,42,217,387,407,19,81,320,198,126,109,110,356,172,34,134,120,105,57,110,142,"R",149,342
"Justise Winslow","SF","2017-2018",444,"MIA",454,411,461,481,413,10,239,73,375,353,139,63,315,262,231,333,288,120,64,348,265,241,299,413,229,455,"2",486,259
"Jusuf Nurkic","C","2017-2018",363,"POR",92,474,197,232,457,120,86,136,463,477,36,32,188,77,28,55,26,131,87,39,15,139,140,88,99,200,"3",150,310
"K.J. McDaniels","G-F","2017-2018",309,"TOR",203,316,64,150,83,354,233,240,105,92,298,334,215,290,355,185,267,448,110,118,209,184,245,191,265,121,"3",192,174
"Kadeem Allen","G","2017-2018",310,"BOS",236,132,310,243,318,306,403,423,322,345,346,348,160,156,453,285,337,108,70,161,109,220,357,400,460,177,"R",170,142
"Karl-Anthony Towns","C","2017-2018",414,"MIN",52,167,55,31,160,29,6,46,278,304,18,33,94,117,66,40,33,229,417,123,105,337,22,13,10,408,"2",455,343
"Kawhi Leonard","F","2017-2018",223,"SAS",199,116,238,191,37,24,11,14,77,104,55,42,13,21,273,168,252,130,18,144,114,473,6,33,43,228,"6",146,57
"Kay Felder","PG","2017-2018",415,"CHI",423,306,456,464,335,467,181,87,339,366,127,54,139,109,456,371,406,59,88,186,79,161,200,327,91,471,"1",416,276
"Kelly Olynyk","PF","2017-2018",224,"MIA",127,152,45,62,233,291,163,207,122,166,220,314,204,214,215,120,162,133,235,226,350,117,142,113,209,78,"4",74,260
"Kelly Oubre","SF","2017-2018",416,"WAS",289,373,120,338,321,197,330,308,298,228,288,341,346,312,198,215,216,437,273,338,434,64,366,315,223,368,"2",384,241
"Kemba Walker","PG","2017-2018",185,"CHO",303,122,308,168,57,40,26,16,45,45,118,94,88,114,373,401,412,30,150,354,202,472,15,96,159,131,"6",50,90
"Kenneth Faried","PF","2017-2018",151,"DEN",72,475,115,152,323,272,208,328,464,430,88,109,100,74,15,48,25,366,243,124,302,167,231,70,387,4,"6",12,188
"Kent Bazemore","SG","2017-2018",152,"ATL",337,262,364,356,293,37,237,131,212,207,244,200,268,249,365,406,393,189,228,184,138,207,246,398,250,427,"5",456,438
"Kentavious Caldwell-Pope","G","2017-2018",311,"LAL",426,241,383,347,100,72,317,241,170,103,379,333,259,319,397,463,460,249,105,416,437,458,281,357,225,415,"4",453,489
"Kevin Durant","SF","2017-2018",117,"GSW",81,258,35,46,39,32,19,49,87,73,53,99,29,45,407,52,129,112,167,37,146,371,13,24,47,190,"10",116,39
"Kevin Love","C","2017-2018",118,"CLE",322,221,265,252,47,97,97,52,37,20,209,181,35,51,120,24,41,281,275,339,131,307,47,29,69,155,"9",67,78
"Kevon Looney","C","2017-2018",445,"GSW",87,397,93,180,427,432,321,424,465,399,212,258,337,314,56,105,78,295,171,100,412,42,409,291,448,65,"2",213,40
"Khem Birch","F","2017-2018",264,"ORL",148,143,133,135,311,402,193,237,236,268,197,218,114,101,171,200,189,206,203,151,158,274,163,155,272,74,"R",112,226
"Khris Middleton","SF","2017-2018",225,"MIL",242,18,361,157,36,57,164,161,98,170,264,254,128,167,446,283,360,115,76,393,132,125,188,117,82,273,"5",222,208
"Klay Thompson","SG","2017-2018",186,"GSW",196,50,223,93,76,1,35,18,16,26,189,152,209,274,410,377,377,309,350,253,292,396,40,115,120,205,"6",113,41
"Kosta Koufos","C","2017-2018",153,"SAC",48,476,102,139,428,238,318,427,466,478,149,187,458,422,64,76,72,382,319,79,364,56,415,349,481,92,"9",99,296
"Kris Dunn","G","2017-2018",364,"CHI",431,348,438,463,385,125,453,425,353,368,389,352,442,417,402,326,363,49,41,125,165,87,458,467,446,293,"1",269,277
"Kristaps Porzingis","PF","2017-2018",417,"NYK",374,40,387,387,241,21,58,37,151,65,115,69,129,132,217,110,151,288,447,36,108,114,55,144,9,490,"2",493,357
"Kyle Anderson","SF","2017-2018",312,"SAS",225,128,293,251,48,244,445,455,350,365,420,435,302,425,236,156,199,139,28,212,435,454,446,352,417,188,"3",173,58
"Kyle Korver","SG","2017-2018",13,"CLE",201,19,268,17,5,325,274,343,15,31,477,489,425,472,480,342,396,284,441,302,386,402,272,188,281,98,"14",83,79
"Kyle Kuzma","SF","2017-2018",418,"LAL",105,315,81,167,429,398,102,160,311,307,87,114,154,92,97,79,87,247,464,214,84,322,130,77,119,157,"R",202,490
"Kyle Lowry","PG","2017-2018",65,"TOR",229,48,230,112,124,22,113,96,17,21,329,332,58,79,351,270,305,39,131,431,113,302,51,39,139,70,"11",16,175
"Kyle O'Quinn","C","2017-2018",187,"NYK",103,418,169,245,247,415,146,155,467,410,66,53,355,341,9,45,10,153,286,6,200,36,263,54,308,9,"5",57,358
"Kyle Singler","F","2017-2018",119,"OKC",351,407,30,404,276,333,452,458,359,275,404,466,382,408,298,308,342,470,440,217,470,283,468,469,357,418,"5",417,374
"Kyrie Irving","PG","2017-2018",265,"BOS",163,89,118,116,16,41,7,7,39,61,62,59,76,120,380,446,449,47,185,394,120,412,14,51,27,338,"6",344,143
"LaMarcus Aldridge","PF","2017-2018",45,"SAS",134,53,282,300,118,66,30,35,383,390,12,5,144,171,75,182,113,304,452,73,310,333,54,121,276,39,"11",18,59
"Lance Stephenson","SG","2017-2018",188,"IND",427,361,476,465,343,322,303,212,366,355,211,98,475,465,387,246,283,72,448,330,28,91,401,463,149,485,"7",477,426
"Lance Thomas","PF","2017-2018",120,"NYK",435,24,477,403,7,158,449,421,253,316,426,377,389,411,258,282,251,361,195,461,476,349,432,447,384,360,"6",373,359
"Langston Galloway","SG","2017-2018",226,"DET",429,246,464,329,178,216,247,141,41,23,387,325,415,441,405,429,441,272,173,421,415,438,255,279,169,404,"3",403,392
"Larry Drew II","G","2017-2018",189,"MIA",249,367,267,287,255,482,162,158,201,222,184,178,162,186,208,188,203,146,225,206,186,259,156,137,136,236,"1",288,261
"Larry Nance Jr.","PF","2017-2018",313,"LAL",91,369,92,138,289,212,292,388,385,391,180,222,384,378,133,91,107,254,16,110,349,97,327,299,466,54,"2",45,491
"Lauri Markkanen","PF","2017-2018",478,"CHI",130,29,136,49,87,59,184,242,91,156,278,316,59,85,95,162,131,452,472,240,413,388,110,69,329,12,"R",13,278
"LeBron James","PF","2017-2018",30,"CLE",57,249,32,40,384,39,10,33,194,208,17,40,72,42,253,84,146,9,241,265,14,481,21,2,111,17,"14",3,80
"London Perrantes","G","2017-2018",365,"CLE",390,87,431,270,188,380,444,412,161,197,466,455,312,332,468,452,464,88,306,441,278,491,394,404,309,394,"R",401,81
"Lonzo Ball","PG","2017-2018",479,"LAL",43,59,3,9,392,82,235,368,86,121,340,456,321,288,305,190,245,15,46,178,106,457,229,148,362,27,"R",14,492
"Lorenzo Brown","PG","2017-2018",190,"TOR",488,422,446,490,368,444,381,128,381,167,258,165,404,365,252,395,340,26,20,312,115,261,423,473,337,432,"1",378,176
"Lou Williams","SG","2017-2018",66,"LAC",335,178,329,299,41,169,91,41,52,48,182,158,12,22,445,413,442,105,147,398,38,477,31,209,115,378,"12",397,24
"Luc Mbah a Moute","PF","2017-2018",67,"HOU",315,408,303,361,450,237,461,471,402,371,355,415,471,453,327,474,471,475,74,292,465,280,476,494,474,306,"9",295,8
"Lucas Nogueira","C","2017-2018",266,"TOR",6,385,6,8,378,230,466,491,397,413,324,440,359,357,127,211,161,426,68,14,373,78,471,389,486,127,"3",108,177
"Luis Montero","SG","2017-2018",314,"DET",493,420,459,493,268,429,387,50,308,24,338,224,146,256,493,425,466,453,495,482,42,493,338,489,15,496,"1",451,393
"Luke Babbitt","SF","2017-2018",154,"ATL",363,70,469,75,234,277,348,381,18,68,490,491,480,490,447,271,309,456,349,275,462,94,320,298,344,187,"7",217,439
"Luke Kennard","G","2017-2018",446,"DET",217,113,166,151,79,239,171,181,85,98,269,301,79,118,249,344,308,269,292,340,389,379,114,108,143,170,"R",138,394
"Luke Kornet","F","2017-2018",419,"NYK",331,284,213,227,182,404,333,317,181,157,363,386,165,185,181,155,165,360,461,12,336,253,276,260,409,77,"R",118,360
"Luol Deng","SF","2017-2018",46,"LAL",432,271,424,417,381,236,434,331,273,243,414,381,443,423,225,166,174,359,219,321,452,479,436,456,377,388,"13",399,493
"Malachi Richardson","SG","2017-2018",447,"SAC",373,353,244,386,185,486,263,205,197,149,284,290,170,192,451,361,395,315,373,483,341,100,258,271,85,459,"1",376,297
"Malcolm Brogdon","PG","2017-2018",267,"MIL",265,99,334,297,103,193,273,257,241,276,237,227,318,279,364,403,408,53,141,377,173,305,275,312,243,343,"1",347,209
"Malcolm Delaney","PG","2017-2018",155,"ATL",466,343,451,475,113,187,371,229,279,279,360,262,292,299,439,422,450,90,217,484,66,233,359,484,247,473,"1",469,440
"Malcolm Miller","F","2017-2018",315,"TOR",287,150,290,231,108,214,275,268,178,204,304,299,54,73,255,288,280,411,112,46,219,234,170,266,358,138,"R",140,178
"Malik Beasley","SG","2017-2018",448,"DEN",250,300,147,244,165,495,71,62,146,82,109,141,309,333,299,473,417,259,122,485,252,369,109,211,2,495,"1",424,189
"Malik Monk","SG","2017-2018",493,"CHO",261,92,245,143,109,174,60,48,24,32,204,186,56,75,467,471,478,232,281,249,172,428,36,177,56,424,"R",447,91
"Mangok Mathiang","C-F","2017-2018",268,"CHO",126,477,261,402,441,384,433,459,468,479,263,270,273,200,16,193,82,446,284,21,281,67,448,416,425,257,"R",262,92
"Manu Ginobili","SG","2017-2018",2,"SAS",461,20,482,395,218,281,379,276,7,50,459,399,258,251,349,432,407,57,8,366,86,199,296,152,414,16,"15",40,60
"Marc Gasol","C","2017-2018",47,"MEM",188,104,281,249,144,20,83,58,219,257,90,60,83,108,313,128,195,109,276,62,141,317,65,172,138,276,"9",231,328
"Marcin Gortat","C","2017-2018",31,"WAS",26,478,46,43,395,160,269,413,469,480,131,180,411,382,63,30,35,355,457,143,338,237,378,335,450,115,"10",72,242
"Marco Belinelli","SG","2017-2018",68,"ATL",295,188,256,260,11,91,252,263,102,97,382,374,138,263,478,436,459,215,363,462,384,461,192,296,238,318,"10",292,441
"Marcus Georges-Hunt","G","2017-2018",366,"MIN",491,12,495,487,19,458,494,488,342,380,494,469,9,20,346,134,206,276,399,486,365,130,419,374,348,312,"1",331,344
"Marcus Morris","F","2017-2018",156,"BOS",412,321,389,378,252,159,210,163,172,134,308,274,314,337,301,329,307,287,382,380,430,374,241,325,248,358,"6",375,144
"Marcus Paige","G","2017-2018",316,"CHO",398,129,370,241,125,287,315,248,51,58,428,419,217,252,438,468,470,95,91,347,308,470,234,241,180,313,"R",301,93
"Marcus Smart","SG","2017-2018",367,"BOS",453,329,434,453,96,113,372,260,226,211,372,336,87,135,283,374,354,78,62,242,180,281,298,290,210,345,"3",354,145
"Mario Chalmers","PG","2017-2018",121,"MEM",346,287,356,390,86,453,313,221,267,258,301,273,17,17,386,359,391,25,44,362,47,35,153,128,61,364,"1",340,329
"Mario Hezonja","F-G","2017-2018",420,"ORL",473,357,466,473,200,414,343,215,296,145,368,288,361,355,347,191,264,243,137,243,198,314,353,460,284,451,"2",442,227
"Markelle Fultz","SG","2017-2018",494,"PHI",170,44,231,174,399,43,28,28,108,165,61,51,52,34,243,277,268,43,82,113,35,348,29,26,39,224,"R",137,160
"Markieff Morris","F","2017-2018",157,"WAS",266,185,304,286,80,63,183,190,287,296,203,154,183,259,228,157,181,299,190,273,214,106,196,257,184,361,"6",386,243
"Marquese Chriss","PF","2017-2018",480,"PHO",202,253,160,210,417,179,92,85,206,175,140,179,208,149,195,206,204,433,120,77,104,32,88,164,52,416,"1",445,458
"Marreese Speights","C-F","2017-2018",90,"ORL",370,155,298,301,74,419,182,93,27,27,316,287,159,199,128,43,62,329,371,111,332,5,141,83,124,166,"9",193,228
"Marvin Williams","PF","2017-2018",69,"CHO",405,301,354,335,59,180,325,243,156,101,378,398,244,291,245,61,112,343,330,158,425,397,280,223,312,114,"12",78,94
"Mason Plumlee","C","2017-2018",191,"DEN",60,479,111,147,408,185,289,369,470,432,132,142,194,145,85,63,71,143,192,65,220,128,293,228,433,29,"4",26,190
"Matt Costello","F","2017-2018",317,"SAS",37,268,51,69,291,372,186,337,407,421,82,121,156,155,29,73,45,368,318,33,344,102,238,82,235,37,"R",119,61
"Matt Williams","G","2017-2018",318,"MIA",441,196,416,258,202,336,361,269,23,18,486,484,377,393,428,380,400,370,435,487,366,448,286,281,198,355,"R",361,262
"Matthew Dellavedova","PG","2017-2018",192,"MIL",465,245,480,458,67,172,450,410,248,277,448,372,399,424,469,484,485,42,352,488,237,330,437,483,317,448,"4",464,210
"Maurice Harkless","SF","2017-2018",319,"POR",189,293,87,125,420,207,376,391,303,299,356,358,426,406,226,396,296,373,103,135,345,143,414,435,472,201,"5",169,311
"Maxi Kleber","F","2017-2018",269,"DAL",216,160,219,401,166,409,261,285,213,235,265,286,99,127,82,111,94,395,160,89,208,85,206,110,316,21,"R",81,110
"Meyers Leonard","PF","2017-2018",270,"POR",440,214,414,357,75,177,328,278,69,59,430,428,391,454,306,127,231,273,467,154,442,38,329,255,259,234,"5",221,312
"Michael Beasley","PF","2017-2018",158,"NYK",49,56,74,77,340,337,43,86,363,386,22,29,251,220,202,153,156,332,252,179,62,265,60,84,49,336,"9",337,361
"Michael Carter-Williams","G","2017-2018",227,"CHO",468,391,465,483,250,217,297,133,365,318,183,105,220,243,291,124,182,68,90,126,63,77,312,338,347,262,"4",233,95
"Michael Kidd-Gilchrist","F","2017-2018",320,"CHO",138,421,237,304,149,62,309,362,471,431,155,164,195,223,130,86,100,348,164,70,481,312,319,305,443,82,"5",33,96
"Michael Young","F","2017-2018",368,"WAS",123,289,177,202,262,273,121,165,362,375,77,79,43,38,100,184,150,258,451,181,193,403,96,60,185,63,"R",86,244
"Mike Conley","PG","2017-2018",91,"MEM",226,35,305,154,42,17,76,74,43,80,176,157,40,59,423,411,419,23,149,353,124,442,38,111,145,171,"10",75,330
"Mike James","PG","2017-2018",193,"PHO",149,144,134,136,312,387,194,238,237,269,198,219,115,102,172,201,190,207,204,152,159,275,164,158,304,50,"R",92,459
"Mike Muscala","C","2017-2018",228,"ATL",80,37,72,33,186,227,258,349,263,278,295,347,376,401,178,253,209,218,412,102,401,301,279,297,338,189,"4",178,442
"Mike Scott","PF","2017-2018",122,"WAS",492,412,462,491,81,392,473,196,330,37,441,394,387,459,211,239,219,185,449,211,416,364,465,480,263,466,"5",440,245
"Miles Plumlee","C-F","2017-2018",123,"ATL",160,480,306,359,357,297,392,452,472,481,235,242,231,140,106,300,225,312,84,137,248,21,434,437,479,192,"5",227,443
"Milos Teodosic","PG","2017-2018",92,"LAC",269,93,144,433,90,356,291,298,49,67,416,446,149,183,440,440,453,35,213,440,36,163,215,173,92,354,"R",358,25
"Mindaugas Kuzminskas","F","2017-2018",159,"NYK",307,327,200,234,159,399,185,125,120,74,260,260,343,350,220,449,355,242,337,233,204,211,244,303,164,419,"1",427,362
"Mirza Teletovic","PF","2017-2018",48,"MIL",452,294,408,368,51,357,277,101,19,3,482,482,414,436,473,248,316,449,474,284,418,115,243,252,205,278,"5",273,211
"Monte Morris","G","2017-2018",421,"DEN",137,171,175,158,242,364,234,296,275,300,218,243,269,282,320,414,388,38,60,345,406,486,265,273,330,173,"R",174,191
"Montrezl Harrell","C","2017-2018",369,"LAC",8,414,10,10,421,299,65,325,473,435,28,113,236,169,119,243,176,261,444,95,385,68,127,52,194,43,"2",76,26
"Myles Turner","C","2017-2018",449,"IND",84,244,88,120,89,18,72,146,348,364,67,78,97,142,206,87,137,381,261,22,380,194,95,149,125,259,"2",180,427
"Nate Wolters","PG","2017-2018",370,"UTA",483,481,472,488,486,361,482,450,474,395,366,331,484,470,341,385,370,195,216,403,335,339,492,491,436,376,"1",380,125
"Nemanja Bjelica","PF","2017-2018",124,"MIN",316,278,264,267,176,208,307,202,114,131,365,362,371,420,196,152,175,217,178,225,256,37,307,245,283,169,"2",158,345
"Nene Hilario","C","2017-2018",16,"HOU",19,274,25,24,433,111,50,209,475,429,20,66,103,55,49,148,152,325,86,114,211,57,63,16,127,34,"15",55,9
"Nerlens Noel","C","2017-2018",371,"DAL",31,482,53,52,281,167,104,270,476,482,56,91,172,194,74,97,81,346,11,82,322,74,182,80,456,2,"3",5,111
"Nick Collison","F","2017-2018",7,"OKC",64,483,48,122,405,447,439,473,477,389,275,370,362,367,89,260,202,267,364,325,444,50,464,415,385,301,"13",313,375
"Nick Young","SG","2017-2018",49,"GSW",314,76,270,84,32,231,123,77,5,7,415,430,293,335,367,480,465,380,462,401,480,246,72,62,251,24,"10",51,42
"Nicolas Batum","F-G","2017-2018",125,"CHO",397,227,394,389,9,31,219,100,171,162,226,150,106,151,372,143,213,45,180,313,97,476,139,167,173,215,"9",130,97
"Nicolas Brussino","G-F","2017-2018",321,"ATL",456,326,246,384,222,411,430,366,154,66,479,480,430,431,182,228,207,163,238,328,267,248,420,331,285,322,"1",319,444
"Nik Stauskas","G","2017-2018",322,"PHI",445,254,452,406,147,257,331,277,109,105,435,424,271,296,443,351,416,168,368,272,175,338,270,343,179,452,"3",463,161
"Nikola Jokic","C","2017-2018",422,"DEN",22,292,15,13,114,105,16,115,340,343,6,58,136,178,48,23,18,37,316,141,48,135,41,15,11,339,"2",346,192
"Nikola Mirotic","F","2017-2018",229,"CHI",323,281,212,196,342,359,218,132,30,11,392,392,297,286,238,39,125,393,108,64,215,255,203,145,75,352,"3",355,279
"Nikola Vucevic","C","2017-2018",194,"ORL",200,322,312,371,407,80,31,25,382,393,15,8,327,318,79,12,16,172,196,104,245,260,75,59,186,60,"6",28,229
"Noah Vonleh","F","2017-2018",423,"POR",110,123,192,233,422,260,395,454,391,400,279,297,373,324,88,50,50,443,340,168,162,132,440,369,473,116,"3",117,313
"Norman Powell","SG","2017-2018",323,"TOR",313,304,319,352,153,263,177,188,227,192,250,251,163,165,417,384,392,275,85,358,283,186,207,300,90,465,"2",470,179
"OG Anunoby","SF","2017-2018",481,"TOR",39,222,9,26,456,330,204,347,269,288,164,312,270,163,98,250,172,345,33,38,176,182,233,206,192,249,"R",256,180
"Okaro White","F","2017-2018",271,"MIA",443,217,463,431,12,457,489,476,337,331,475,462,356,412,186,291,248,371,374,182,403,101,479,478,441,317,"1",316,263
"Omer Asik","C","2017-2018",70,"NOP",132,484,275,331,458,341,493,495,478,483,455,467,437,345,90,29,53,447,476,257,450,137,493,450,405,330,"7",330,411
"Omri Casspi","SF","2017-2018",126,"GSW",178,84,249,166,439,243,391,419,306,330,351,351,472,468,205,332,298,297,142,447,362,279,441,459,445,280,"8",258,43
"Otto Porter","SF","2017-2018",324,"WAS",177,52,150,68,20,141,224,227,101,202,302,329,340,374,219,194,192,419,36,236,492,264,223,179,382,28,"4",19,246
"P.J. Tucker","SF","2017-2018",50,"HOU",328,80,376,204,191,150,457,436,268,301,442,426,416,426,155,172,160,334,65,390,468,197,457,408,406,264,"6",215,10
"Pascal Siakam","PF","2017-2018",372,"TOR",161,415,260,350,411,196,301,358,479,425,143,151,432,385,77,241,168,483,245,78,378,60,398,403,363,327,"1",322,181
"Pat Connaughton","SG","2017-2018",325,"POR",99,6,211,23,211,426,400,449,164,281,434,445,455,474,241,225,266,181,326,301,291,315,392,344,393,199,"2",278,314
"Patrick Beverley","SG","2017-2018",127,"LAC",376,230,291,281,280,98,432,390,185,174,453,450,429,419,188,126,120,96,39,278,275,70,430,324,415,137,"5",65,27
"Patrick McCaw","SG","2017-2018",424,"GSW",272,210,173,176,199,247,437,399,225,250,421,436,418,442,321,461,426,179,224,306,399,441,422,411,367,337,"1",338,44
"Patrick Patterson","PF","2017-2018",160,"OKC",459,216,450,365,294,201,458,403,165,119,488,483,431,444,204,177,220,337,323,333,472,394,427,390,346,347,"7",356,376
"Patty Mills","PG","2017-2018",128,"SAS",364,62,398,185,126,226,221,168,29,25,388,390,401,414,421,481,481,69,270,489,249,436,219,221,217,220,"8",187,62
"Pau Gasol","C","2017-2018",8,"SAS",131,4,294,178,315,154,151,244,255,349,121,129,250,240,87,27,43,176,442,66,260,321,187,103,335,18,"16",17,63
"Paul George","SF","2017-2018",195,"OKC",219,101,199,164,22,25,36,24,50,76,104,96,38,67,310,78,155,157,94,307,58,251,19,21,34,229,"7",141,377
"Paul Millsap","PF","2017-2018",51,"DEN",247,333,234,319,204,51,130,84,295,298,112,82,45,41,190,158,178,124,170,156,140,278,77,151,157,212,"11",125,193
"Paul Zipser","SF","2017-2018",373,"CHI",449,359,406,443,271,140,419,357,305,292,405,393,439,418,394,234,300,438,453,166,254,152,451,481,439,325,"1",315,280
"PJ Dozier","G","2017-2018",450,"OKC",409,356,401,455,447,321,160,80,290,236,144,89,230,146,229,276,259,147,26,262,17,112,213,295,191,397,"R",390,378
"Quincy Acy","PF","2017-2018",196,"BRK",384,54,440,175,235,403,340,274,47,57,432,413,147,157,286,140,164,435,295,155,369,88,191,139,148,213,"5",208,473
"Quincy Pondexter","SF-SG","2017-2018",230,"CHI",372,177,345,239,157,478,421,401,228,200,424,444,372,379,331,442,413,268,475,346,387,204,405,429,278,434,"1",379,281
"Quinn Cook","G","2017-2018",326,"GSW",297,208,107,156,496,487,271,261,75,71,370,412,495,469,494,493,494,54,473,490,11,290,323,425,122,484,"1",368,45
"Rajon Rondo","G","2017-2018",71,"NOP",414,212,447,444,423,147,408,336,331,337,332,253,473,466,194,210,208,6,49,378,31,326,431,409,403,271,"11",228,412
"Ramon Sessions","PG","2017-2018",72,"NYK",458,305,470,472,223,386,385,288,325,334,328,225,86,82,450,450,451,44,267,395,161,431,322,445,275,446,"10",443,363
"Rashad Vaughn","SG","2017-2018",451,"MIL",469,401,420,442,482,405,341,246,142,72,383,387,496,491,463,409,432,292,78,228,469,378,389,373,361,296,"2",290,212
"Raul Neto","G","2017-2018",272,"UTA",267,312,161,337,33,438,375,364,283,293,325,343,457,473,435,423,438,126,14,314,360,33,399,347,444,144,"2",226,126
"Raymond Felton","PG","2017-2018",32,"OKC",349,191,353,334,260,194,397,382,297,305,339,342,468,464,416,365,358,123,211,280,363,318,433,468,378,402,"12",413,379
"Reggie Bullock","G-F","2017-2018",231,"DET",342,109,324,187,336,407,394,365,100,112,460,449,482,488,302,337,312,294,127,389,485,474,408,341,364,250,"4",281,395
"Reggie Jackson","PG","2017-2018",197,"DET",367,250,393,416,44,108,64,39,184,195,100,50,187,258,432,472,477,28,288,449,60,172,74,214,63,449,"6",467,396
"Richard Jefferson","F","2017-2018",9,"DEN",207,247,31,88,432,412,486,487,307,313,472,492,450,451,401,320,344,424,439,412,461,142,484,471,400,385,"16",381,194
"Richaun Holmes","F-C","2017-2018",327,"PHI",63,184,68,45,351,315,61,134,293,314,54,80,262,255,111,121,104,352,274,54,315,133,100,73,84,210,"2",189,162
"Ricky Rubio","PG","2017-2018",198,"UTA",396,337,350,415,40,2,369,344,262,260,330,310,91,139,290,410,399,5,34,454,81,262,309,183,326,69,"6",21,127
"Robert Covington","SF","2017-2018",199,"PHI",413,180,254,261,50,133,264,179,65,16,380,409,130,202,161,227,183,372,23,131,178,214,172,89,104,195,"4",142,163
"Robin Lopez","C","2017-2018",129,"CHI",158,485,301,364,254,36,259,283,480,484,116,85,417,421,51,298,158,436,484,47,367,357,375,418,434,245,"9",190,282
"Rodney Hood","SG","2017-2018",273,"UTA",330,219,359,341,221,75,206,180,132,136,291,250,317,317,455,254,343,277,369,408,392,289,201,287,200,371,"3",392,128
"Rodney McGruder","G","2017-2018",232,"MIA",356,290,367,405,418,221,426,374,271,248,371,361,413,402,177,427,315,270,293,379,409,418,406,427,327,407,"1",432,264
"Ron Baker","SG","2017-2018",328,"NYK",439,338,390,429,397,324,462,392,288,217,431,417,448,410,466,343,420,116,81,341,203,249,455,465,419,346,"1",350,364
"Rondae Hollis-Jefferson","SF","2017-2018",425,"BRK",285,402,309,421,172,134,248,251,384,359,134,119,57,54,214,60,114,162,59,188,119,176,198,175,264,109,"2",66,474
"Royce O'Neal","F","2017-2018",329,"UTA",224,22,323,91,213,304,438,443,183,252,449,453,238,261,139,292,227,135,158,344,255,331,382,282,366,148,"R",143,129
"Rudy Gay","SF","2017-2018",73,"SAS",282,158,337,328,58,28,94,82,218,223,106,87,81,119,257,180,237,178,144,250,50,292,80,141,98,283,"11",240,64
"Rudy Gobert","C","2017-2018",274,"UTA",15,486,24,20,380,7,272,438,481,485,122,230,82,63,44,5,8,302,400,16,259,227,269,132,465,3,"4",1,130
"Russell Westbrook","PG","2017-2018",130,"OKC",334,94,381,375,110,58,5,2,32,49,33,6,3,6,189,4,21,1,9,294,2,316,2,1,30,90,"9",34,380
"Ryan Anderson","PF","2017-2018",131,"HOU",369,45,422,161,68,135,215,123,8,10,451,432,286,321,149,402,286,463,469,392,466,362,126,72,279,19,"9",11,11
"Ryan Arcidiacono","PG","2017-2018",374,"CHI",353,115,368,221,141,223,390,363,134,159,440,437,178,217,449,477,486,99,123,466,333,449,304,319,277,294,"R",275,283
"Salah Mejri","C","2017-2018",74,"DAL",14,275,19,18,444,418,459,482,482,486,305,404,421,373,43,59,36,477,253,20,347,11,473,391,492,128,"2",185,112
"Sam Dekker","SF","2017-2018",375,"LAC",181,187,116,182,451,198,240,250,174,178,248,349,408,362,152,319,193,263,210,238,436,417,297,213,273,143,"2",109,28
"Sean Kilpatrick","G","2017-2018",200,"BRK",338,283,325,309,49,96,152,88,121,95,210,153,51,76,462,224,303,219,232,430,69,425,108,178,53,435,"3",462,475
"Semi Ojeleye","PF","2017-2018",376,"BOS",129,34,137,65,214,184,134,183,92,153,229,259,28,35,125,230,180,374,479,310,370,450,59,55,354,5,"R",10,146
"Serge Ibaka","PF","2017-2018",161,"TOR",128,98,140,101,60,48,124,139,153,191,162,177,326,370,193,98,136,450,463,41,317,242,146,163,222,124,"8",61,182
"Seth Curry","G","2017-2018",201,"DAL",168,36,247,51,107,33,179,201,46,147,262,323,344,376,457,445,456,136,117,456,301,377,218,142,208,118,"4",44,113
"Shabazz Muhammad","SF","2017-2018",275,"MIN",278,310,225,336,175,210,122,104,286,271,102,104,55,84,151,444,317,474,458,405,352,439,102,247,189,316,"4",299,346
"Shabazz Napier","PG","2017-2018",233,"POR",434,297,395,413,370,332,302,182,192,115,352,307,285,272,412,364,367,70,6,491,30,384,249,401,342,365,"3",357,315
"Shane Larkin","PG","2017-2018",377,"BOS",298,215,382,280,217,473,365,354,336,362,315,244,303,328,415,412,444,14,38,373,44,309,371,375,430,194,"1",280,147
"Shaun Livingston","PG","2017-2018",52,"GSW",68,276,112,177,373,233,345,394,483,487,150,169,456,461,342,372,402,170,188,227,351,187,388,477,458,285,"12",263,46
"Sheldon McClellan","G","2017-2018",276,"WAS",410,390,216,435,72,464,431,386,343,259,347,383,155,222,460,345,378,326,239,329,483,410,385,371,325,335,"1",333,247
"Shelvin Mack","G","2017-2018",202,"ORL",301,204,373,230,303,261,304,293,177,193,367,366,324,347,370,434,462,89,258,420,148,181,295,348,213,417,"6",444,230
"Sindarius Thornwell","SG","2017-2018",378,"LAC",418,243,419,423,201,171,266,176,189,180,290,229,36,39,180,287,241,174,53,205,98,354,145,217,258,178,"R",135,29
"Skal Labissiere","PF","2017-2018",452,"SAC",78,151,97,128,327,202,57,120,393,409,38,46,92,112,102,99,95,409,299,190,207,119,87,49,38,287,"1",268,298
"Solomon Hill","F","2017-2018",234,"NOP",460,194,427,383,215,92,481,463,222,226,485,485,422,438,324,317,322,279,184,287,423,344,469,449,402,333,"4",335,413
"Spencer Dinwiddie","PG","2017-2018",330,"BRK",296,78,352,272,173,312,407,437,316,332,375,376,140,174,335,404,374,75,230,208,314,190,348,339,333,272,"3",246,476
"Stanley Johnson","SF","2017-2018",453,"DET",470,344,442,451,350,100,406,315,301,244,413,373,392,391,264,256,256,190,168,194,290,203,417,434,386,344,"2",345,397
"Stephen Curry","PG","2017-2018",132,"GSW",244,86,218,110,26,47,14,4,2,2,154,143,65,130,361,357,347,48,55,443,41,393,10,31,33,260,"8",200,47
"Sterling Brown","G","2017-2018",426,"MIL",98,17,117,29,120,278,367,433,229,310,359,397,254,297,179,247,215,169,102,285,188,205,339,268,440,45,"R",70,213
"Steven Adams","C","2017-2018",331,"OKC",56,487,90,140,446,126,199,330,484,488,85,103,167,136,40,217,123,347,162,164,43,311,259,208,103,393,"4",425,381
"T.J. Leaf","PF","2017-2018",482,"IND",18,16,21,11,359,235,44,170,315,363,35,90,221,188,108,67,77,197,411,92,289,245,68,44,72,175,"R",154,428
"T.J. McConnell","PG","2017-2018",277,"PHI",275,409,314,410,139,107,363,378,404,382,233,232,393,428,345,417,414,11,15,457,122,413,425,372,427,191,"2",133,164
"T.J. Warren","SF","2017-2018",332,"PHO",152,372,176,257,216,65,99,153,374,369,75,73,301,322,160,279,247,427,153,200,448,244,193,277,126,428,"3",466,460
"Taj Gibson","PF","2017-2018",53,"MIN",77,394,164,189,355,190,75,145,485,417,37,35,211,281,112,131,128,388,390,121,307,236,184,133,220,93,"8",47,347
"Tarik Black","C-F","2017-2018",235,"HOU",113,13,214,222,325,137,293,326,486,489,165,147,241,234,37,100,61,392,376,58,293,30,317,302,372,158,"3",160,12
"Taurean Waller-Prince","SF","2017-2018",379,"ATL",447,371,418,456,248,219,347,249,313,283,312,248,235,241,293,203,253,377,71,130,126,151,345,443,462,232,"1",210,445
"Terrance Ferguson","SG","2017-2018",495,"OKC",171,118,141,372,257,309,278,319,208,240,280,320,190,195,145,265,210,233,206,195,195,121,252,210,166,290,"R",282,382
"Terrence Ross","SG","2017-2018",236,"ORL",238,179,204,107,167,145,169,129,36,35,333,337,398,430,471,399,386,338,67,230,381,361,209,203,109,374,"5",396,231
"Terry Rozier","PG","2017-2018",380,"BOS",446,255,444,418,228,254,335,198,187,113,353,303,385,381,368,154,244,144,125,385,419,459,349,310,323,231,"2",201,148
"Thabo Sefolosha","SF","2017-2018",33,"UTA",400,335,428,422,382,195,451,431,319,323,458,418,460,375,242,125,149,250,32,255,426,480,459,476,407,379,"11",393,131
"Thaddeus Young","PF","2017-2018",133,"IND",97,263,82,98,460,95,251,339,338,311,173,198,461,447,140,219,197,339,107,281,353,453,331,364,411,211,"10",139,429
"Thomas Bryant","C","2017-2018",483,"LAL",25,183,26,25,339,347,136,323,364,378,89,171,64,50,80,144,111,344,315,56,67,84,134,42,50,239,"R",235,494
"Thon Maker","C","2017-2018",484,"MIL",221,133,205,171,403,427,230,265,163,188,274,309,264,233,115,251,177,401,408,45,446,31,248,135,236,89,"1",205,214
"Tim Frazier","PG","2017-2018",203,"WAS",411,332,409,438,245,229,435,353,323,329,350,344,291,305,352,420,404,17,133,434,135,159,416,366,356,292,"3",261,248
"Tim Hardaway 2","SG","2017-2018",278,"NYK",179,192,54,102,249,78,80,75,53,39,167,231,206,206,424,369,390,184,307,364,316,475,92,100,134,179,"4",111,365
"Timofey Mozgov","C","2017-2018",75,"BRK",114,488,207,215,101,391,145,247,487,490,65,72,313,336,76,160,138,407,465,162,71,76,224,231,121,400,"7",405,477
"Timothe Luwawu-Cabarrot","SF","2017-2018",427,"PHI",344,234,341,326,184,292,351,322,200,205,348,353,108,111,296,323,323,188,342,382,182,109,302,256,102,437,"1",450,165
"Tobias Harris","PF","2017-2018",279,"DET",197,251,159,225,112,35,95,102,277,231,96,124,247,284,311,236,272,318,348,229,396,469,131,240,167,342,"6",352,398
"Tomas Satoransky","G","2017-2018",237,"WAS",355,399,300,430,317,331,479,462,347,360,369,385,402,383,275,462,364,93,146,371,346,189,477,451,389,362,"1",360,249
"Tony Allen","SG","2017-2018",17,"NOP",332,346,369,428,443,203,282,231,388,385,224,167,441,392,154,306,214,320,40,274,190,226,383,493,487,289,"13",259,414
"Tony Bradley","F-C","2017-2018",496,"UTA",32,489,62,66,434,437,110,267,488,491,48,74,62,30,1,106,22,396,401,74,306,71,128,14,190,10,"R",127,132
"Tony Parker","G","2017-2018",18,"SAS",151,82,227,282,330,249,198,245,369,374,114,136,396,369,485,457,484,24,428,492,298,375,315,382,298,384,"16",394,65
"Tony Snell","SG","2017-2018",238,"MIL",206,57,162,63,143,94,344,404,113,140,450,478,465,475,475,400,448,378,324,410,473,467,412,165,331,40,"4",20,215
"Torrey Craig","G-F","2017-2018",204,"DEN",150,145,135,137,313,373,195,239,238,270,199,220,116,103,173,202,191,208,205,153,160,276,165,159,305,51,"R",93,195
"Treveon Graham","SG","2017-2018",333,"CHO",184,1,460,41,388,475,446,456,203,308,444,439,281,257,282,426,380,454,271,493,491,150,402,378,343,324,"1",329,98
"Trevor Ariza","SF","2017-2018",54,"HOU",433,252,158,351,256,16,383,338,136,77,464,471,419,440,329,183,273,307,17,357,460,455,370,326,412,145,"13",48,13
"Trevor Booker","PF","2017-2018",93,"BRK",166,330,252,316,331,294,245,272,361,383,142,115,434,403,94,31,42,193,48,318,164,212,335,304,451,76,"7",58,478
"Trey Lyles","PF","2017-2018",428,"DEN",480,370,471,476,362,393,346,149,266,110,361,280,364,342,210,93,139,260,392,246,326,282,332,385,215,444,"2",436,196
"Tristan Thompson","C","2017-2018",239,"CLE",50,490,91,123,472,132,405,477,489,492,242,335,380,276,23,94,49,442,413,83,463,294,463,342,485,84,"6",41,82
"Troy Daniels","SG","2017-2018",240,"PHO",416,201,457,242,127,220,111,64,3,1,445,429,374,372,414,487,480,386,434,417,354,306,89,118,142,184,"4",145,461
"Troy Williams","F","2017-2018",381,"HOU",304,347,180,324,401,346,326,311,281,234,297,318,388,363,295,378,352,383,61,241,201,116,355,419,404,282,"1",296,14
"Tyler Dorsey","G","2017-2018",454,"ATL",234,39,273,105,292,170,231,230,59,96,349,354,119,107,251,393,332,282,300,419,221,424,150,198,314,86,"R",88,446
"Tyler Ennis","PG","2017-2018",382,"LAL",276,26,432,238,31,382,157,197,188,251,257,197,341,358,425,485,487,79,58,494,72,238,185,351,201,433,"3",426,495
"Tyler Johnson","PG","2017-2018",280,"MIA",420,235,413,426,171,114,283,166,246,245,283,202,89,144,278,340,320,86,45,199,357,355,240,251,300,160,"3",89,265
"Tyler Lydon","F","2017-2018",455,"DEN",195,107,154,89,142,268,377,407,221,255,374,407,210,244,141,142,148,349,226,53,330,286,321,258,459,31,"R",35,197
"Tyler Ulis","PG","2017-2018",456,"PHO",212,358,235,343,177,89,174,151,360,338,103,101,287,315,411,451,452,12,157,428,93,440,250,230,221,230,"1",157,462
"Tyler Zeller","F-C","2017-2018",205,"BRK",122,491,250,296,463,449,228,252,490,493,98,75,445,353,93,169,147,319,483,88,382,66,340,412,383,299,"5",298,479
"Tyreke Evans","SG","2017-2018",162,"MEM",393,31,412,367,269,175,119,70,35,64,230,135,184,182,395,122,217,40,69,404,75,308,119,63,77,203,"8",188,331
"Tyson Chandler","C","2017-2018",19,"PHO",13,492,23,21,364,323,463,490,491,494,299,384,197,184,41,15,11,486,365,198,269,96,462,396,470,154,"16",136,463
"Tyus Jones","PG","2017-2018",457,"MIN",348,280,326,268,168,267,384,377,291,284,377,368,279,354,378,441,469,19,37,376,266,419,384,333,391,185,"2",198,348
"Udonis Haslem","F-C","2017-2018",10,"MIA",136,493,67,339,473,439,487,486,492,398,403,441,311,177,110,108,96,466,3,463,305,4,488,442,467,218,"14",257,266
"Vander Blue","SG","2017-2018",281,"LAL",121,494,12,295,489,472,284,387,493,354,129,291,267,3,495,70,179,291,496,495,3,422,341,458,310,431,"1",377,496
"Victor Oladipo","SG","2017-2018",282,"IND",215,161,170,148,209,19,105,89,147,138,170,185,253,278,409,336,349,166,218,370,274,411,113,204,105,380,"4",422,430
"Vince Carter","SF","2017-2018",3,"SAC",419,134,436,266,237,103,425,361,96,94,474,465,334,338,353,339,348,227,214,191,455,206,367,381,339,341,"19",343,299
"Vince Hunter","F","2017-2018",383,"MEM",85,269,163,184,430,256,88,156,405,412,40,39,46,18,58,34,39,293,99,103,20,124,86,36,78,135,"R",153,332
"Wade Baldwin","G","2017-2018",458,"POR",487,416,483,489,95,417,468,345,386,361,358,228,201,242,315,415,383,65,115,239,23,164,450,452,428,305,"1",312,316
"Wayne Ellington","SG","2017-2018",94,"MIA",365,124,190,108,28,200,229,172,4,5,462,476,436,458,452,469,482,400,384,437,489,492,189,93,241,42,"8",32,267
"Wayne Selden","G-F","2017-2018",384,"MEM",16,3,2,2,471,492,410,481,28,144,495,496,354,266,496,330,409,480,83,496,151,59,347,337,478,81,"1",309,333
"Wesley Iwundu","F","2017-2018",385,"ORL",222,270,269,363,345,378,374,395,370,377,259,266,126,106,240,273,265,145,191,300,57,336,334,359,399,216,"R",207,232
"Wesley Johnson","SF","2017-2018",95,"LAC",474,393,232,457,386,375,469,416,302,158,467,473,474,476,248,90,130,460,268,84,471,147,474,436,398,328,"7",326,30
"Wesley Matthews","SG","2017-2018",76,"DAL",450,223,441,399,194,52,350,262,40,40,439,433,336,361,481,327,418,171,220,438,383,367,308,196,261,141,"8",62,114
"Will Barton","SG","2017-2018",241,"DEN",318,197,280,298,212,166,262,225,224,219,255,237,179,213,234,322,294,111,301,207,168,407,232,301,193,403,"5",429,198
"Willie Cauley-Stein","C","2017-2018",334,"SAC",96,495,188,213,376,218,138,210,494,495,63,68,227,161,156,117,116,316,101,133,258,98,217,215,282,139,"2",129,300
"Willie Reed","C","2017-2018",206,"LAC",69,423,108,155,455,328,217,301,495,422,91,93,333,269,19,74,47,428,377,60,440,72,311,225,429,32,"2",80,31
"Willy Hernangomez","C","2017-2018",386,"NYK",95,377,156,206,326,358,96,159,396,416,39,41,142,160,13,28,15,237,279,183,70,79,138,30,64,159,"1",156,366
"Wilson Chandler","SF","2017-2018",96,"DEN",228,220,259,205,302,64,141,121,150,132,239,206,325,316,191,173,196,278,385,381,393,341,175,190,246,153,"9",64,199
"Yakuba Ouattara","SG","2017-2018",283,"BRK",172,119,142,373,258,442,279,320,209,241,281,321,191,196,146,266,211,234,207,196,196,122,253,192,270,113,"R",181,480
"Yogi Ferrell","SG","2017-2018",335,"DAL",368,173,433,333,132,148,329,290,117,122,407,356,278,300,448,407,435,51,151,374,152,324,313,328,228,387,"1",410,115
"Zach Collins","C-F","2017-2018",485,"POR",7,2,13,7,287,271,68,304,355,394,47,126,19,16,52,25,27,471,265,3,40,26,48,11,51,91,"R",144,317
"Zach LaVine","G","2017-2018",429,"CHI",167,168,86,96,99,3,67,61,25,53,153,174,223,277,465,431,457,199,391,413,340,447,67,112,100,233,"3",134,284
"Zach Randolph","F","2017-2018",14,"SAC",387,396,426,460,296,79,139,53,377,397,74,21,282,304,47,7,13,289,436,436,295,366,202,284,299,208,"16",159,301
"Zaza Pachulia","C","2017-2018",34,"GSW",106,496,194,264,138,288,386,440,496,496,228,208,237,298,53,36,37,107,79,159,76,55,421,259,463,30,"14",84,48
"Zhou Qi","F-C","2017-2018",459,"HOU",173,120,143,374,259,259,280,321,210,242,282,322,192,197,147,267,212,235,208,197,197,123,254,205,199,227,"R",244,15
